id,tytul,cena,cena_poprzednia,lokalizacja,data_dodania,url,status
1,iPhone 14 Pro 128GB ESim BATERIA 100% Sklep WaWa Gwarancja 12 miesięcy,1929.0,,"Warszawa, Śródmieście",09-05-2026,https://www.olx.pl/d/oferta/iphone-14-pro-128gb-esim-bateria-100-sklep-wawa-gwarancja-12-miesiecy-CID99-IDYpK85.html?search_reason=search%7Cpromoted,nowe
2,Iphone 14 256gb używany,1250.0,,"Wrocław, Fabryczna",10-05-2026,https://www.olx.pl/d/oferta/iphone-14-256gb-uzywany-CID99-ID18Kv3T.html?search_reason=search%7Cpromoted,nowe
3,JAK NOWY | IPHONE 14 PRO MAX 256GB | 2 lata gwarancji | Różne kolory,2199.0,,"Katowice, Śródmieście",10-05-2026,https://www.olx.pl/d/oferta/jak-nowy-iphone-14-pro-max-256gb-2-lata-gwarancji-rozne-kolory-CID99-ID11nivN.html?search_reason=search%7Cpromoted,nowe
4,Iphone 14 128 GB  Nowy,550.0,,"Częstochowa, Wyczerpy - Aniołów",12-05-2026,https://www.olx.pl/d/oferta/iphone-14-128-gb-nowy-CID99-ID1aAXil.html?search_reason=search%7Corganic,nowe
5,Iphone 14 pro  ok,750.0,,Wyszków,03-05-2026,https://www.olx.pl/d/oferta/iphone-14-pro-ok-CID99-ID1atxC1.html?search_reason=search%7Corganic,nowe
6,Iphone 14 128gb fioletowy,950.0,,Wodzisław Śląski,12-05-2026,https://www.olx.pl/d/oferta/iphone-14-128gb-fioletowy-CID99-ID1aAM6b.html?search_reason=search%7Corganic,nowe
7,Telefon apple w bardzo dobrym stanie,500.0,,"Kraków, Prądnik Czerwony",10-05-2026,https://www.olx.pl/d/oferta/telefon-apple-w-bardzo-dobrym-stanie-CID99-ID17oDXr.html?search_reason=search%7Corganic,nowe
8,iPhone 14 PRO idealny,1500.0,,Rzeszów,11-05-2026,https://www.olx.pl/d/oferta/iphone-14-pro-idealny-CID99-ID1aAeht.html?search_reason=search%7Corganic,nowe
9,Iphone 14 256 GB,950.0,,"Wrocław, Stare Miasto",11-05-2026,https://www.olx.pl/d/oferta/iphone-14-256-gb-CID99-ID1aA8VO.html?search_reason=search%7Corganic,nowe
10,Iphone 14 128 gb stan idelany,1000.0,,"Warszawa, Targówek",11-05-2026,https://www.olx.pl/d/oferta/iphone-14-128-gb-stan-idelany-CID99-ID1aAsTT.html?search_reason=search%7Corganic,nowe
11,Apple iPhone 14 94% baterii,1070.0,,Łomża,30-04-2026,https://www.olx.pl/d/oferta/apple-iphone-14-94-baterii-CID99-ID19pTBN.html?search_reason=search%7Corganic,nowe
12,Apple iPhone 14 256 GB| bardzo dobry stan| gwarancja|różne kolory|eSim,1469.0,,"Warszawa, Ursus",11-05-2026,https://www.olx.pl/d/oferta/apple-iphone-14-256-gb-bardzo-dobry-stan-gwarancja-rozne-kolory-esim-CID99-ID19aviX.html?search_reason=search%7Cpromoted,nowe
13,Iphone 14 pro 1TB BATERIA 100%,2200.0,,Złotów,11-05-2026,https://www.olx.pl/d/oferta/iphone-14-pro-1tb-bateria-100-CID99-ID1axgTG.html?search_reason=search%7Cpromoted,nowe
14,Iphone 14 plus 128GB,1200.0,,Bydgoszcz,27-04-2026,https://www.olx.pl/d/oferta/iphone-14-plus-128gb-CID99-ID1aoBTq.html?search_reason=search%7Cpromoted,nowe
15,iPhone 14 Plus - 128gb - czarny - 86% kondycji bat. - przecietny stan wizualny,700.0,,"Szczecin, Centrum",07-05-2026,https://www.olx.pl/d/oferta/iphone-14-plus-128gb-czarny-86-kondycji-bat-przecietny-stan-wizualny-CID99-ID1axc4O.html?search_reason=search%7Corganic,nowe
16,Iphone 14 *128gb,600.0,,"Warszawa, Wesoła",11-05-2026,https://www.olx.pl/d/oferta/iphone-14-128gb-CID99-ID1aAp0P.html?search_reason=search%7Corganic,nowe
17,"Skup Wszytskich telefonów IPhone Lombard Komis IPhone 8 X 11 12 13, 14",,,"Warszawa, Śródmieście",12-05-2026,https://www.olx.pl/d/oferta/skup-wszytskich-telefonow-iphone-lombard-komis-iphone-8-x-11-12-13-14-CID4371-IDPlp46.html?search_reason=search%7Corganic,nowe
18,Iphone 14 Apple,1100.0,,Wyrzysk,12-05-2026,https://www.olx.pl/d/oferta/iphone-14-apple-CID99-ID1aBy8H.html?search_reason=search%7Corganic,nowe
19,"Iphone 14, super stan!",800.0,,"Poznań, Dębiec",12-05-2026,https://www.olx.pl/d/oferta/iphone-14-super-stan-CID99-ID1aBt5z.html?search_reason=search%7Corganic,nowe
20,Iphone 14 pro 128 GB,1200.0,,Toruń,18-04-2026,https://www.olx.pl/d/oferta/iphone-14-pro-128-gb-CID99-ID1agmjn.html?search_reason=search%7Corganic,nowe
21,Iphone 14 matryca do wymiany,300.0,,"Gdańsk, Aniołki",29-04-2026,https://www.olx.pl/d/oferta/iphone-14-matryca-do-wymiany-CID99-ID1aqFyg.html?search_reason=search%7Corganic,nowe
22,Iphone 14pro (esim),600.0,,Krosno,22-04-2026,https://www.olx.pl/d/oferta/iphone-14pro-esim-CID99-ID1akBEo.html?search_reason=search%7Corganic,nowe
23,Telefon iphone 14,800.0,,Bydgoszcz,05-05-2026,https://www.olx.pl/d/oferta/telefon-iphone-14-CID99-ID1awifn.html?search_reason=search%7Corganic,nowe
24,IPHONE 14 PRO 256GB | 2 lata gwarancji! | BAT 85% | Raty 0%,1999.0,,"Kraków, Nowa Huta",08-05-2026,https://www.olx.pl/d/oferta/iphone-14-pro-256gb-2-lata-gwarancji-bat-85-raty-0-CID99-ID1ay4RD.html?search_reason=search%7Cpromoted,nowe
25,IPhone 14 czarny bateria 98%,1300.0,,Kielce,11-05-2026,https://www.olx.pl/d/oferta/iphone-14-czarny-bateria-98-CID99-ID19NdwS.html?search_reason=search%7Cpromoted,nowe
26, iPhone 14 Pro Max 256GB Gold (eSIM),1500.0,,Mszczonów,08-05-2026,https://www.olx.pl/d/oferta/iphone-14-pro-max-256gb-gold-esim-CID99-ID1ay9iv.html?search_reason=search%7Cpromoted,nowe
27,Iphone 14 128gb.,900.0,,Lublin,10-05-2026,https://www.olx.pl/d/oferta/iphone-14-128gb-CID99-ID1azrqe.html?search_reason=search%7Corganic,nowe
28,Iphone 14pro 256gb,1790.0,,"Warszawa, Ochota",11-05-2026,https://www.olx.pl/d/oferta/iphone-14pro-256gb-CID99-ID1aAHlE.html?search_reason=search%7Corganic,nowe
29,iPhone 14 uszkodzony,260.0,,"Poznań, Łacina",11-05-2026,https://www.olx.pl/d/oferta/iphone-14-uszkodzony-CID99-ID1ayRka.html?search_reason=search%7Corganic,nowe
30,iPhone 14 Plus (Z Etui),740.0,,Kielce,11-05-2026,https://www.olx.pl/d/oferta/iphone-14-plus-z-etui-CID99-ID1aAzva.html?search_reason=search%7Corganic,nowe
31,iPhone 14 Plus 128GB 2-kolory Niebieski/Czerwony Kraków ul.krakowska 4 Sklep GSM,2299.0,,"Kraków, Stare Miasto",12-05-2026,https://www.olx.pl/d/oferta/iphone-14-plus-128gb-2-kolory-niebieski-czerwony-krakow-ul-krakowska-4-sklep-gsm-CID99-IDSQZH5.html?search_reason=search%7Corganic,nowe
32,iphone 14,950.0,,Lublin,12-05-2026,https://www.olx.pl/d/oferta/iphone-14-CID99-ID19M8PX.html?search_reason=search%7Corganic,nowe
33,Iphone 14 pro 128 zadbany,1600.0,,Zgierz,12-05-2026,https://www.olx.pl/d/oferta/iphone-14-pro-128-zadbany-CID99-ID1aBfvH.html?search_reason=search%7Corganic,nowe
34,iPhone 14 128 gb,1000.0,,Grabowiec,17-04-2026,https://www.olx.pl/d/oferta/iphone-14-128-gb-CID99-ID1afH7o.html?search_reason=search%7Corganic,nowe
35,iPhone 14 128GB,850.0,,Głowno,07-05-2026,https://www.olx.pl/d/oferta/iphone-14-128gb-CID99-ID1avrJR.html?search_reason=search%7Corganic,nowe
36,"iPhone 14 128GB Biały, stan idealny",1100.0,,Kalisz,12-05-2026,https://www.olx.pl/d/oferta/iphone-14-128gb-bialy-stan-idealny-CID99-ID1av5QB.html?search_reason=search%7Corganic,nowe
37,iPhone 14 pro deep purple 128 GB w stanie bardzo dobrym,1300.0,,Gorzów Wielkopolski,03-05-2026,https://www.olx.pl/d/oferta/iphone-14-pro-deep-purple-128-gb-w-stanie-bardzo-dobrym-CID99-ID1atrXB.html?search_reason=search%7Cpromoted,nowe
38,IPHONE 14 Pro Max 128GB | 2 lata gwarancji! | BAT 89% | Raty 0%,2149.0,,"Wrocław, Stare Miasto",11-05-2026,https://www.olx.pl/d/oferta/iphone-14-pro-max-128gb-2-lata-gwarancji-bat-89-raty-0-CID99-ID1aot3i.html?search_reason=search%7Cpromoted,nowe
39,Iphone 14 pro 256GB 88 % Bateria !,1700.0,,"Warszawa, Śródmieście",01-05-2026,https://www.olx.pl/d/oferta/iphone-14-pro-256gb-88-bateria-CID99-ID19yaDK.html?search_reason=search%7Cpromoted,nowe
40,iphone 14 128gb!,1100.0,,Brzesko,11-05-2026,https://www.olx.pl/d/oferta/iphone-14-128gb-CID99-ID1aAbpk.html?search_reason=search%7Corganic,nowe
41,Iphone 14 256gb,1150.0,,Rzeszów,10-05-2026,https://www.olx.pl/d/oferta/iphone-14-256gb-CID99-ID1azDVa.html?search_reason=search%7Corganic,nowe
42,"Iphone 14 Pro, Silver, Nowa Bateria 100%, IDEALNY STAN !+ Zestaw",1650.0,,Rzeszów,12-05-2026,https://www.olx.pl/d/oferta/iphone-14-pro-silver-nowa-bateria-100-idealny-stan-zestaw-CID99-ID1aw5i2.html?search_reason=search%7Corganic,nowe
43,iPhone 14 - telefon,850.0,,"Warszawa, Włochy",10-05-2026,https://www.olx.pl/d/oferta/iphone-14-telefon-CID99-ID1azQsV.html?search_reason=search%7Corganic,nowe
44,iPhone 14 128GB | 12 miesięcy gwarancji! | Bat. 88% | Raty 0%,1199.0,,Bielsko-Biała,04-05-2026,https://www.olx.pl/d/oferta/iphone-14-128gb-12-miesiecy-gwarancji-bat-88-raty-0-CID99-ID1au7lb.html?search_reason=search%7Corganic,nowe
45,Iphone 14 Polski salon- niebieski + plecki apple,950.0,,"Szczecin, Warszewo",08-05-2026,https://www.olx.pl/d/oferta/iphone-14-polski-salon-niebieski-plecki-apple-CID99-ID1ayc2M.html?search_reason=search%7Corganic,nowe
46,Telefon Iphone 14 plus,1000.0,,"Gliwice, Czechowice",18-04-2026,https://www.olx.pl/d/oferta/telefon-iphone-14-plus-CID99-ID1agNVM.html?search_reason=search%7Corganic,nowe
47,iPhone 14 Czarny 128Gb bateria 100%,999.0,,"Wrocław, Śródmieście",12-05-2026,https://www.olx.pl/d/oferta/iphone-14-czarny-128gb-bateria-100-CID99-ID1aBk6A.html?search_reason=search%7Corganic,nowe
48,Piękne iPhone 14 Plus 128GB 2-kolory White/Blue Kraków ul. Krakowska 4 Sklep GSM,1599.0,,"Kraków, Stare Miasto",12-05-2026,https://www.olx.pl/d/oferta/piekne-iphone-14-plus-128gb-2-kolory-white-blue-krakow-ul-krakowska-4-sklep-gsm-CID99-ID10Mkxn.html?search_reason=search%7Corganic,nowe
49,Iphone 14 pro Max ! Gold ! Jak Nowy !,1950.0,,"Warszawa, Żoliborz",10-05-2026,https://www.olx.pl/d/oferta/iphone-14-pro-max-gold-jak-nowy-CID99-ID1azkva.html?search_reason=search%7Cpromoted,nowe
50,JAK NOWY | IPHONE 14 128GB | 2 lata gwarancji! | Różne kolory,1299.0,,"Katowice, Śródmieście",11-05-2026,https://www.olx.pl/d/oferta/jak-nowy-iphone-14-128gb-2-lata-gwarancji-rozne-kolory-CID99-IDYEm55.html?search_reason=search%7Cpromoted,nowe
51,iPhone 14 128GB Różne Kolory I E-Sim I Gwar 12 msc Sklep iTop Muranów,1279.0,,"Warszawa, Śródmieście",10-05-2026,https://www.olx.pl/d/oferta/iphone-14-128gb-rozne-kolory-i-e-sim-i-gwar-12-msc-sklep-itop-muranow-CID99-ID15Jp7k.html?search_reason=search%7Cpromoted,nowe
52,iPhone 14 Pro super stan,1499.0,,Radomsko,11-05-2026,https://www.olx.pl/d/oferta/iphone-14-pro-super-stan-CID99-ID1aAhup.html?search_reason=search%7Corganic,nowe
53,iPhone 14 kondycja bateri 86%,,,Piotrków Trybunalski,24-04-2026,https://www.olx.pl/d/oferta/iphone-14-kondycja-bateri-86-CID99-ID1alSAL.html?search_reason=search%7Corganic,nowe
54,Iphone 14 bardzo dobry stan,999.0,,"Kraków, Prądnik Czerwony",12-05-2026,https://www.olx.pl/d/oferta/iphone-14-bardzo-dobry-stan-CID99-ID1aBq36.html?search_reason=search%7Corganic,nowe
55,iPhone 14 pro 128gd,1600.0,,"Katowice, Dąb",11-05-2026,https://www.olx.pl/d/oferta/iphone-14-pro-128gd-CID99-ID1aad10.html?search_reason=search%7Corganic,nowe
56,Iphone 14 stan bardzo dobry,999.99,,"Katowice, Koszutka",04-05-2026,https://www.olx.pl/d/oferta/iphone-14-stan-bardzo-dobry-CID99-ID19E6TU.html?search_reason=search%7Corganic,nowe
57,iPhone 14 128GB.,1000.0,,Brzesko,11-05-2026,https://www.olx.pl/d/oferta/iphone-14-128gb-CID99-ID1a89y7.html?search_reason=search%7Corganic,nowe
58,iPhone 14 Pro Space Gray - Idealny stan - Kondycja 97%,1499.0,,"Kraków, Prądnik Biały",12-05-2026,https://www.olx.pl/d/oferta/iphone-14-pro-space-gray-idealny-stan-kondycja-97-CID99-ID1aB0xL.html?search_reason=search%7Corganic,nowe
59,Iphone 14 pro max gold jak nowy. Duzy zestaw,1750.0,,"Poznań, Winogrady",12-05-2026,https://www.olx.pl/d/oferta/iphone-14-pro-max-gold-jak-nowy-duzy-zestaw-CID99-ID1asl5B.html?search_reason=search%7Corganic,nowe
60,"iPhone 14 Plus, pamięć 256 GB.",1000.0,,"Łódź, Bałuty",29-04-2026,https://www.olx.pl/d/oferta/iphone-14-plus-pamiec-256-gb-CID99-ID1aqAcW.html?search_reason=search%7Corganic,nowe
61,14 pro 128 gb bardzo dobry stan,1400.0,,"Łódź, Bałuty",12-05-2026,https://www.olx.pl/d/oferta/14-pro-128-gb-bardzo-dobry-stan-CID99-ID1aByL5.html?search_reason=search%7Corganic,nowe
62,iPhone 14 Pro 256GB | Bateria 100% | Gwarancja 2 lata | Raty 0%,2199.0,,Przemyśl,29-04-2026,https://www.olx.pl/d/oferta/iphone-14-pro-256gb-bateria-100-gwarancja-2-lata-raty-0-CID99-ID16X8Gm.html?search_reason=search%7Cpromoted,nowe
63,iPhone 14 Pro 256GB | Bateria 100% | Gwarancja 2 lata | Raty 0%,2199.0,,Rybnik,07-05-2026,https://www.olx.pl/d/oferta/iphone-14-pro-256gb-bateria-100-gwarancja-2-lata-raty-0-CID99-ID15jpdJ.html?search_reason=search%7Cpromoted,nowe
64,iPhone 14 Pro 128GB | Bateria 100% | Gwarancja 2 lata | Raty 0%,2149.0,,Wodzisław Śląski,08-05-2026,https://www.olx.pl/d/oferta/iphone-14-pro-128gb-bateria-100-gwarancja-2-lata-raty-0-CID99-ID15NZKf.html?search_reason=search%7Cpromoted,nowe
65,Iphone 14 fioletowy,1300.0,,"Warszawa, Bielany",11-05-2026,https://www.olx.pl/d/oferta/iphone-14-fioletowy-CID99-ID1aADbi.html?search_reason=search%7Corganic,nowe
66,IPhone 14 Pro  jak NOWY,1750.0,,Kalisz,10-05-2026,https://www.olx.pl/d/oferta/iphone-14-pro-jak-nowy-CID99-ID18ur2o.html?search_reason=search%7Corganic,nowe
67,iPhone 14 Pro.,700.0,,Prabuty,11-05-2026,https://www.olx.pl/d/oferta/iphone-14-pro-CID99-ID1aAEEz.html?search_reason=search%7Corganic,nowe
68,Iphone 14 128GB. 83% bateria. Z pierwszej ręki.,1250.0,,Gorlice,11-05-2026,https://www.olx.pl/d/oferta/iphone-14-128gb-83-bateria-z-pierwszej-reki-CID99-ID1aAbvd.html?search_reason=search%7Corganic,nowe
69,Iphone 14 Midnight 128gb,1050.0,,"Gliwice, Szobiszowice",12-05-2026,https://www.olx.pl/d/oferta/iphone-14-midnight-128gb-CID99-ID19K6gc.html?search_reason=search%7Corganic,nowe
70,Iphone 14 512gb!,1200.0,,Kozłów Biskupi,19-04-2026,https://www.olx.pl/d/oferta/iphone-14-512gb-CID99-ID1871Qx.html?search_reason=search%7Corganic,nowe
71,iPhone 14 128gb midnight,1200.0,,Przemyśl,12-05-2026,https://www.olx.pl/d/oferta/iphone-14-128gb-midnight-CID99-ID1aBuD1.html?search_reason=search%7Corganic,nowe
72,IPhone 14 Pro  Max OKAZJA,1849.0,,Kalisz,02-05-2026,https://www.olx.pl/d/oferta/iphone-14-pro-max-okazja-CID99-ID16gnRN.html?search_reason=search%7Corganic,nowe
73,Iphone 14 plus.,750.0,,Łęczna,22-04-2026,https://www.olx.pl/d/oferta/iphone-14-plus-CID99-ID1ak9OJ.html?search_reason=search%7Corganic,nowe
74,"Iphone 14 256Gb yellow bahama;) stan bardzo dobry, bateria 86%",1390.0,,"Mikołów, Bujaków",11-05-2026,https://www.olx.pl/d/oferta/iphone-14-256gb-yellow-bahama-stan-bardzo-dobry-bateria-86-CID99-ID1awoXw.html?search_reason=search%7Cpromoted,nowe
75,IPHONE  14 PLUS 128GB | Gwarancja 2 lata | Bat: 86% FV23%,1399.0,,"Poznań, Jeżyce",12-05-2026,https://www.olx.pl/d/oferta/iphone-14-plus-128gb-gwarancja-2-lata-bat-86-fv23-CID99-ID1aB8hZ.html?search_reason=search%7Cpromoted,nowe
76,iPhone 14 Pro 1TB Silver Idealny Bateria Oryginalna 94%,2750.0,,"Warszawa, Praga-Południe",06-05-2026,https://www.olx.pl/d/oferta/iphone-14-pro-1tb-silver-idealny-bateria-oryginalna-94-CID99-ID1aqImx.html?search_reason=search%7Cpromoted,nowe
77,Iphone 14 128 GB,900.0,,"Łódź, Śródmieście",12-05-2026,https://www.olx.pl/d/oferta/iphone-14-128-gb-CID99-ID1aBliU.html?search_reason=search%7Corganic,nowe
78,iPhone 14 kondycja 100%,1150.0,,Świdwin,06-05-2026,https://www.olx.pl/d/oferta/iphone-14-kondycja-100-CID99-ID1awNFC.html?search_reason=search%7Corganic,nowe
79,IPhone 14 Pro jak NOWY  Okazja,1650.0,,Kalisz,14-04-2026,https://www.olx.pl/d/oferta/iphone-14-pro-jak-nowy-okazja-CID99-ID19LoPB.html?search_reason=search%7Corganic,nowe
80,Iphone 14 biały !,1200.0,,Kalisz,12-05-2026,https://www.olx.pl/d/oferta/iphone-14-bialy-CID99-ID18SBPs.html?search_reason=search%7Corganic,nowe
81,IPhone 14 256GB 81%,1100.0,,Racibórz,12-05-2026,https://www.olx.pl/d/oferta/iphone-14-256gb-81-CID99-ID1aBrwT.html?search_reason=search%7Corganic,nowe
82,iPhone 14 niebieski,1100.0,,Oświęcim,21-04-2026,https://www.olx.pl/d/oferta/iphone-14-niebieski-CID99-ID1ajs5T.html?search_reason=search%7Corganic,nowe
83,iPhone 14 Pro Max 1TB Silver fabr. NOWY plomba FV23% szybka dostawa,3300.0,,"Łódź, Polesie",12-05-2026,https://www.olx.pl/d/oferta/iphone-14-pro-max-1tb-silver-fabr-nowy-plomba-fv23-szybka-dostawa-CID99-ID18WJjd.html?search_reason=search%7Corganic,nowe
84,iPhone 14 Pro - SUPER STAN,1500.0,,"Warszawa, Wola",12-05-2026,https://www.olx.pl/d/oferta/iphone-14-pro-super-stan-CID99-ID19Wz0o.html?search_reason=search%7Corganic,nowe
85,Iphone 14 - 128GB - Stan Bdb - 100% oryginalny + Gratisy,900.0,,Rzeszów,09-05-2026,https://www.olx.pl/d/oferta/iphone-14-128gb-stan-bdb-100-oryginalny-gratisy-CID99-ID1ayEZM.html?search_reason=search%7Corganic,nowe
86,JAK NOWY | IPHONE 14 PLUS 128GB | 2 lata gwarancji! | Różne kolory,1499.0,,Kielce,08-05-2026,https://www.olx.pl/d/oferta/jak-nowy-iphone-14-plus-128gb-2-lata-gwarancji-rozne-kolory-CID99-ID1ay7rV.html?search_reason=search%7Cpromoted,nowe
87,IPHONE 14 PLUS 256GB | Gwarancja 2 lata | Bat: 86%,1899.0,,"Łódź, Śródmieście",11-05-2026,https://www.olx.pl/d/oferta/iphone-14-plus-256gb-gwarancja-2-lata-bat-86-CID99-ID19Yrnk.html?search_reason=search%7Cpromoted,nowe
88,Iphone Xs 256gb | ios 14 unikat | jak nowy,550.0,,"Gliwice, Szobiszowice",09-05-2026,https://www.olx.pl/d/oferta/iphone-xs-256gb-ios-14-unikat-jak-nowy-CID99-ID1ayPK3.html?search_reason=search%7Cpromoted,nowe
89,iPhone 14 Plus 256gb bateria 82% Midnight,1200.0,,Zielona Góra,12-05-2026,https://www.olx.pl/d/oferta/iphone-14-plus-256gb-bateria-82-midnight-CID99-ID1aBxZN.html?search_reason=search%7Corganic,nowe
90,Iphone 14 uzywany,1000.0,,Czarnków,30-04-2026,https://www.olx.pl/d/oferta/iphone-14-uzywany-CID99-ID1arx8i.html?search_reason=search%7Corganic,nowe
91,iPhone 14 128GB,1200.0,,Świdnica,28-04-2026,https://www.olx.pl/d/oferta/iphone-14-128gb-CID99-ID197Hfl.html?search_reason=search%7Corganic,nowe
92,iPhone 14 pro max 512 GB fioletowy,1950.0,,"Warszawa, Żoliborz",12-05-2026,https://www.olx.pl/d/oferta/iphone-14-pro-max-512-gb-fioletowy-CID99-ID1a6G5D.html?search_reason=search%7Corganic,nowe
93,Iphone 14 Plus 128gb 84%,1200.0,,Knurów,12-05-2026,https://www.olx.pl/d/oferta/iphone-14-plus-128gb-84-CID99-ID1aw0Mg.html?search_reason=search%7Corganic,nowe
94,Iphone 14 256 Gb,1300.0,,"Warszawa, Rembertów",22-04-2026,https://www.olx.pl/d/oferta/iphone-14-256-gb-CID99-ID1ah4uN.html?search_reason=search%7Corganic,nowe
95,IPHONE 14 128GB | 2 lata gwarancji! | BAT 100% | Raty 0%,1449.0,,"Wrocław, Stare Miasto",11-05-2026,https://www.olx.pl/d/oferta/iphone-14-128gb-2-lata-gwarancji-bat-100-raty-0-CID99-ID1aoskA.html?search_reason=search%7Corganic,nowe
96,etui na iphone 14,199.0,,Tarnów,07-05-2026,https://www.olx.pl/d/oferta/etui-na-iphone-14-CID99-ID1axwp6.html?search_reason=search%7Corganic,nowe
97,Iphone 14 Plus DOBRY STAN,1050.0,,"Warszawa, Praga-Południe",12-05-2026,https://www.olx.pl/d/oferta/iphone-14-plus-dobry-stan-CID99-ID1aB27I.html?search_reason=search%7Corganic,nowe
98,IPHONE 14 PRO MAX 128GB | 2 lata gwarancji! | BAT 87%,2099.0,,"Katowice, Śródmieście",28-04-2026,https://www.olx.pl/d/oferta/iphone-14-pro-max-128gb-2-lata-gwarancji-bat-87-CID99-ID1adcZU.html?search_reason=search%7Cpromoted,nowe
99,SUPER Apple iPhone 14 128GB KOLORY Gwarancja 12miesięcy Kraków Starowiślna 50 SmartSfera,1297.0,,"Kraków, Stare Miasto",12-05-2026,https://www.olx.pl/d/oferta/super-apple-iphone-14-128gb-kolory-gwarancja-12miesiecy-krakow-starowislna-50-smartsfera-CID99-ID16LlG8.html?search_reason=search%7Cpromoted,nowe
100,Iphone 14 128 GB 84%  Stan Bardzo dobry,1200.0,,Łomża,12-05-2026,https://www.olx.pl/d/oferta/iphone-14-128-gb-84-stan-bardzo-dobry-CID99-ID1aAPJ9.html?search_reason=search%7Cpromoted,nowe
101,Iphone 14 bateria 85% 5 etui szklo,1200.0,,Zawadzkie,11-05-2026,https://www.olx.pl/d/oferta/iphone-14-bateria-85-5-etui-szklo-CID99-ID1aAAOT.html?search_reason=search%7Corganic,nowe
102,Iphone 14 pro max,,,Zielona Góra,12-05-2026,https://www.olx.pl/d/oferta/iphone-14-pro-max-CID99-ID1ab61L.html?search_reason=search%7Corganic,nowe
103,iPhone 14 256GB kondycja 83%,1300.0,,"Gdańsk, Przymorze Wielkie",12-05-2026,https://www.olx.pl/d/oferta/iphone-14-256gb-kondycja-83-CID99-ID1aBsJo.html?search_reason=search%7Corganic,nowe
104,Iphone 14 Pro 128gb Biały Srebrny,1649.0,,Wałbrzych,11-05-2026,https://www.olx.pl/d/oferta/iphone-14-pro-128gb-bialy-srebrny-CID99-ID1aAEGf.html?search_reason=search%7Corganic,nowe
105,Idealny Iphone 14 White 128 GB,1250.0,,Mielec,22-04-2026,https://www.olx.pl/d/oferta/idealny-iphone-14-white-128-gb-CID99-ID1ajYgX.html?search_reason=search%7Corganic,nowe
106,iPhone 14 256 GB Biały,1150.0,,Kielce,09-05-2026,https://www.olx.pl/d/oferta/iphone-14-256-gb-bialy-CID99-ID1ayMqu.html?search_reason=search%7Corganic,nowe
107,Iphone 14 | 128GB | 86%,1000.0,,"Warszawa, Targówek",11-05-2026,https://www.olx.pl/d/oferta/iphone-14-128gb-86-CID99-ID1aAFTS.html?search_reason=search%7Corganic,nowe
108,IPhone 14 pro MAX Jak Nowy !!!,2100.0,,Radzionków,12-05-2026,https://www.olx.pl/d/oferta/iphone-14-pro-max-jak-nowy-CID99-ID1aje7j.html?search_reason=search%7Corganic,nowe
109,Pancerne Wodoodporne ETUI do IPhone 14 Plus,120.0,,"Poznań, Ogrody",01-05-2026,https://www.olx.pl/d/oferta/pancerne-wodoodporne-etui-do-iphone-14-plus-CID99-ID192z4H.html?search_reason=search%7Corganic,nowe
110,iPhone 14 Pro czarny 256GB | dobry stan | 87% kondycji baterii | oryginalny | pełny komplet,1680.0,,Rzeszów,01-05-2026,https://www.olx.pl/d/oferta/iphone-14-pro-czarny-256gb-dobry-stan-87-kondycji-baterii-oryginalny-pelny-komplet-CID99-ID17zv6m.html?search_reason=search%7Cpromoted,nowe
111,iPhone 14 Czarny 128 GB 100% Baterii,999.0,,Olsztyn,06-05-2026,https://www.olx.pl/d/oferta/iphone-14-czarny-128-gb-100-baterii-CID99-ID1awzoj.html?search_reason=search%7Cpromoted,nowe
112,Iphone 14 128GB używany,1700.0,,"Gdańsk, Jasień",22-04-2026,https://www.olx.pl/d/oferta/iphone-14-128gb-uzywany-CID99-ID1ak6QX.html?search_reason=search%7Cpromoted,nowe
113,apple iphone  14,1000.0,,Świnoujście,09-05-2026,https://www.olx.pl/d/oferta/apple-iphone-14-CID99-ID1ayxhV.html?search_reason=search%7Corganic,nowe
114,iPhone 14  128 GB,950.0,,Gowarzewo,11-05-2026,https://www.olx.pl/d/oferta/iphone-14-128-gb-CID99-ID1a7lpE.html?search_reason=search%7Corganic,nowe
115,"Iphone 14, 100% kondycji baterii, bez rys",1350.0,,Ruda Śląska,11-05-2026,https://www.olx.pl/d/oferta/iphone-14-100-kondycji-baterii-bez-rys-CID99-ID1aAFKv.html?search_reason=search%7Corganic,nowe
116,Telefon iPhone 14,1100.0,,Siedlce,15-04-2026,https://www.olx.pl/d/oferta/telefon-iphone-14-CID99-ID19jrGi.html?search_reason=search%7Corganic,nowe
117,iphone 14 uzywany,999.0,,Nieporaz,03-05-2026,https://www.olx.pl/d/oferta/iphone-14-uzywany-CID99-ID1atfCU.html?search_reason=search%7Corganic,nowe
118,Apple iPhone 14 Pro 128Gb | Idealny stan,1500.0,,"Poznań, Winogrady",12-05-2026,https://www.olx.pl/d/oferta/apple-iphone-14-pro-128gb-idealny-stan-CID99-ID17GjbV.html?search_reason=search%7Corganic,nowe
119,Iphone 14 plus używany,800.0,,Jastrzębie-Zdrój,19-04-2026,https://www.olx.pl/d/oferta/iphone-14-plus-uzywany-CID99-ID1ahBoJ.html?search_reason=search%7Corganic,nowe
120,Case na iphone 14 PLUS!!!!!!,100.0,,Świętochłowice,11-05-2026,https://www.olx.pl/d/oferta/case-na-iphone-14-plus-CID99-ID1aAFTo.html?search_reason=search%7Corganic,nowe
121,Iphone 14 pro.,1000.0,,Włocławek,26-04-2026,https://www.olx.pl/d/oferta/iphone-14-pro-CID99-ID19Tr7E.html?search_reason=search%7Corganic,nowe
122,iPhone 14 128GB Midnight,1199.0,,Zielona Góra,12-05-2026,https://www.olx.pl/d/oferta/iphone-14-128gb-midnight-CID99-ID1aBwKZ.html?search_reason=search%7Corganic,nowe
123,iPhone 14 128GB | Bateria 100% | Gwarancja 2 lata | Raty 0%,1499.0,,Żory,09-05-2026,https://www.olx.pl/d/oferta/iphone-14-128gb-bateria-100-gwarancja-2-lata-raty-0-CID99-ID15gfPY.html?search_reason=search%7Cpromoted,nowe
124,JAK NOWY | IPHONE 14 PRO MAX 128GB | 2 lata gwarancji! | Różne kolory,1999.0,,"Poznań, Jeżyce",12-05-2026,https://www.olx.pl/d/oferta/jak-nowy-iphone-14-pro-max-128gb-2-lata-gwarancji-rozne-kolory-CID99-IDP9cFl.html?search_reason=search%7Cpromoted,nowe
125,Iphone 14 Pro 128GB Nowa Bateria Warszawa,1499.0,,"Warszawa, Ursus",10-05-2026,https://www.olx.pl/d/oferta/iphone-14-pro-128gb-nowa-bateria-warszawa-CID99-ID1azJwu.html?search_reason=search%7Cpromoted,nowe
126,IPhone 14 jak NOWY,1249.0,,Kalisz,17-04-2026,https://www.olx.pl/d/oferta/iphone-14-jak-nowy-CID99-ID15ZIHf.html?search_reason=search%7Corganic,nowe
127,"IPhone 14, biały.",,,Starogard Gdański,11-05-2026,https://www.olx.pl/d/oferta/iphone-14-bialy-CID99-IDTdqQk.html?search_reason=search%7Corganic,nowe
128,iPhone 14 256GB,1250.0,,Nadma,11-05-2026,https://www.olx.pl/d/oferta/iphone-14-256gb-CID99-ID1axnWI.html?search_reason=search%7Corganic,nowe
129,Telefon iPhone 14,1400.0,,Żmigród,11-05-2026,https://www.olx.pl/d/oferta/telefon-iphone-14-CID99-ID1aAluz.html?search_reason=search%7Corganic,nowe
130,Sprzedam Iphone 14 256 gb,950.0,,Krosno,20-04-2026,https://www.olx.pl/d/oferta/sprzedam-iphone-14-256-gb-CID99-ID19RXsn.html?search_reason=search%7Corganic,nowe
131,Iphone 14 fioletowy,1100.0,,Bydgoszcz,12-05-2026,https://www.olx.pl/d/oferta/iphone-14-fioletowy-CID99-ID1aBthW.html?search_reason=search%7Corganic,nowe
132,"iPhone 14 Plus 128 GB – bardzo dobry stan, bateria 89%",1349.0,,Nowy Sącz,07-05-2026,https://www.olx.pl/d/oferta/iphone-14-plus-128-gb-bardzo-dobry-stan-bateria-89-CID99-ID18BRwA.html?search_reason=search%7Corganic,nowe
133,iPhone 17 Pro 256GB Cosmic Orange Kraków ul.krakowska 4 Sklep GSM,4899.0,,"Kraków, Stare Miasto",12-05-2026,https://www.olx.pl/d/oferta/iphone-17-pro-256gb-cosmic-orange-krakow-ul-krakowska-4-sklep-gsm-CID99-ID17J0Vm.html?search_reason=search%7Corganic,nowe
134,"iPhone 14 niebieski , bateria 85%",1290.0,,"Katowice, Szopienice-Burowiec",26-04-2026,https://www.olx.pl/d/oferta/iphone-14-niebieski-bateria-85-CID99-ID1anXRg.html?search_reason=search%7Corganic,nowe
135,IPHONE  14 Plus 256GB | Gwarancja 2 lata | Bat: 100% %,1999.0,,"Poznań, Jeżyce",08-05-2026,https://www.olx.pl/d/oferta/iphone-14-plus-256gb-gwarancja-2-lata-bat-100-CID99-ID19Y09X.html?search_reason=search%7Corganic,nowe
136,iPhone 14 Plus (Z Etui),740.0,,Kielce,11-05-2026,https://www.olx.pl/d/oferta/iphone-14-plus-z-etui-CID99-ID1aAzva.html?search_reason=search%7Cpromoted,nowe
137,"iPhone 14, kolor Midnight, pamięć 128 GB",1400.0,,Elbląg,26-04-2026,https://www.olx.pl/d/oferta/iphone-14-kolor-midnight-pamiec-128-gb-CID99-ID1anZCp.html?search_reason=search%7Cpromoted,nowe
138,Iphone 14 128 gb,1100.0,,Chorzów,11-05-2026,https://www.olx.pl/d/oferta/iphone-14-128-gb-CID99-ID1aADqe.html?search_reason=search%7Corganic,nowe
139,Telefon iphone  14,1100.0,,Krzywiń,18-04-2026,https://www.olx.pl/d/oferta/telefon-iphone-14-CID99-ID19p6Pu.html?search_reason=search%7Corganic,nowe
140,iphone 14 bialy,1300.0,,Zbędowice,11-05-2026,https://www.olx.pl/d/oferta/iphone-14-bialy-CID99-ID1aAC2a.html?search_reason=search%7Corganic,nowe
141,Iphon 14 pro 128 gb,1450.0,,Szamotuły,12-05-2026,https://www.olx.pl/d/oferta/iphon-14-pro-128-gb-CID99-ID1aBsV4.html?search_reason=search%7Corganic,nowe
142,IPhone 14 128 GB,1100.0,,Suwałki,25-04-2026,https://www.olx.pl/d/oferta/iphone-14-128-gb-CID99-ID19WY2Y.html?search_reason=search%7Corganic,nowe
143,Iphone 14 Pro Max 512 GB,1950.0,,"Szczecin, Warszewo",12-05-2026,https://www.olx.pl/d/oferta/iphone-14-pro-max-512-gb-CID99-ID1abmDf.html?search_reason=search%7Corganic,nowe
144,iPhone        14 pro,1600.0,,Bydgoszcz,12-05-2026,https://www.olx.pl/d/oferta/iphone-14-pro-CID99-ID19SyoI.html?search_reason=search%7Corganic,nowe
145,Sprzedam iPhone 14,999.0,,Trzebinia,26-04-2026,https://www.olx.pl/d/oferta/sprzedam-iphone-14-CID99-ID1anLcy.html?search_reason=search%7Corganic,nowe
147,iPhone 14 Pro 256gb ESIM Sklep iTop Pasaż Muranów Lokal 32,1939.0,,"Warszawa, Śródmieście",06-05-2026,https://www.olx.pl/d/oferta/iphone-14-pro-256gb-esim-sklep-itop-pasaz-muranow-lokal-32-CID99-IDXx1Gc.html?search_reason=search%7Cpromoted,nowe
148,IPHONE 14 128GB | 2 lata gwarancji! | BAT 85% | Raty 0%,1299.0,,"Kraków, Nowa Huta",08-05-2026,https://www.olx.pl/d/oferta/iphone-14-128gb-2-lata-gwarancji-bat-85-raty-0-CID99-ID1a6x9l.html?search_reason=search%7Corganic,nowe
149,Ładny Iphone 16e 256GB Black Czarny bat.100% gw.Apple Kraków ul.krakowska 4 Sklep GSM,1949.0,,"Kraków, Stare Miasto",12-05-2026,https://www.olx.pl/d/oferta/ladny-iphone-16e-256gb-black-czarny-bat-100-gw-apple-krakow-ul-krakowska-4-sklep-gsm-CID99-ID18snjY.html?search_reason=search%7Corganic,nowe
150,Iphone 14 wiecej info,5600.0,,"Kraków, Czyżyny",03-05-2026,https://www.olx.pl/d/oferta/iphone-14-wiecej-info-CID99-IDXonKl.html?search_reason=search%7Corganic,nowe
151,iPhone 14 Pro 79%,1000.0,,"Warszawa, Praga-Południe",12-05-2026,https://www.olx.pl/d/oferta/iphone-14-pro-79-CID99-ID1aBwpH.html?search_reason=search%7Corganic,nowe
152,iPhone 14 128 GB BATERIA 100% GWARANCJA 12 miesiecy !!!,1399.0,,"Warszawa, Wola",06-05-2026,https://www.olx.pl/d/oferta/iphone-14-128-gb-bateria-100-gwarancja-12-miesiecy-CID99-ID1awOvW.html?search_reason=search%7Corganic,nowe
153,"iPhone 14 ,2023 r pamięć 128GB",1300.0,,Ruda Śląska,06-05-2026,https://www.olx.pl/d/oferta/iphone-14-2023-r-pamiec-128gb-CID99-ID19dIvC.html?search_reason=search%7Corganic,nowe
154,"Iphone 14 pro, 88% baterii, bardzo dobry stan",1450.0,,"Kraków, Podgórze",12-05-2026,https://www.olx.pl/d/oferta/iphone-14-pro-88-baterii-bardzo-dobry-stan-CID99-ID1aBsEr.html?search_reason=search%7Corganic,nowe
155,iPhone 17 Pro Max 2TB Cosmic Orange Kraków ul.krakowska 4 Sklep GSM Mamy!,8499.0,,"Kraków, Stare Miasto",12-05-2026,https://www.olx.pl/d/oferta/iphone-17-pro-max-2tb-cosmic-orange-krakow-ul-krakowska-4-sklep-gsm-mamy-CID99-ID17Aky9.html?search_reason=search%7Corganic,nowe
156,Iphone 14 plus okazja,1500.0,,Kartuzy,06-05-2026,https://www.olx.pl/d/oferta/iphone-14-plus-okazja-CID99-ID19rXxU.html?search_reason=search%7Corganic,nowe
157,Iphone 14 pro - Czarny,1750.0,,Kluczbork,22-04-2026,https://www.olx.pl/d/oferta/iphone-14-pro-czarny-CID99-ID1ak6X7.html?search_reason=search%7Corganic,nowe
158,iPhone 14 Pro 512 GB Deep Purple,2000.0,,Mała Kępa,10-05-2026,https://www.olx.pl/d/oferta/iphone-14-pro-512-gb-deep-purple-CID99-ID1azwGK.html?search_reason=search%7Cpromoted,nowe
160,JAK NOWY | APPLE IPHONE 14 128GB | Gwarancja 2 lata! | Różne kolory,1299.0,,Jastrzębie-Zdrój,10-05-2026,https://www.olx.pl/d/oferta/jak-nowy-apple-iphone-14-128gb-gwarancja-2-lata-rozne-kolory-CID99-ID12tqWD.html?search_reason=search%7Cpromoted,nowe
161,iPhone 14 Kondycja Baterii 86%,1000.0,,Rybnik,22-04-2026,https://www.olx.pl/d/oferta/iphone-14-kondycja-baterii-86-CID99-ID18oVDM.html?search_reason=search%7Corganic,nowe
162,John Hatter&CO case iphone 14 pro,100.0,,Opole,11-05-2026,https://www.olx.pl/d/oferta/john-hatter-co-case-iphone-14-pro-CID99-ID1aazuR.html?search_reason=search%7Corganic,nowe
163,Iphone 14 pro max 128gb srebrny,1800.0,,Zabrze,12-05-2026,https://www.olx.pl/d/oferta/iphone-14-pro-max-128gb-srebrny-CID99-ID1abb8C.html?search_reason=search%7Corganic,nowe
164,Sprzedam  telefon,1000.0,,Stargard,10-05-2026,https://www.olx.pl/d/oferta/sprzedam-telefon-CID99-ID1azjhN.html?search_reason=search%7Corganic,nowe
165,iPhone   14 Pro,2200.0,,Kartuzy,12-05-2026,https://www.olx.pl/d/oferta/iphone-14-pro-CID99-ID1aBoEO.html?search_reason=search%7Corganic,nowe
166,iPhone 14 Pro/128GB,1600.0,,"Warszawa, Mokotów",12-05-2026,https://www.olx.pl/d/oferta/iphone-14-pro-128gb-CID99-ID18CGr3.html?search_reason=search%7Corganic,nowe
167,iPhone 14 stan bardzo dobry,950.0,,"Szczecin, Centrum",19-04-2026,https://www.olx.pl/d/oferta/iphone-14-stan-bardzo-dobry-CID99-ID19uaIw.html?search_reason=search%7Corganic,nowe
168,Wyświetlacz iPhone 14 PRO MAX - 100% Oryginał,650.0,,Radomsko,12-05-2026,https://www.olx.pl/d/oferta/wyswietlacz-iphone-14-pro-max-100-oryginal-CID99-ID1auO7z.html?search_reason=search%7Corganic,nowe
169,Iphone 14 Plus 128GB,1500.0,,Bartniczka,12-05-2026,https://www.olx.pl/d/oferta/iphone-14-plus-128gb-CID99-ID192BxV.html?search_reason=search%7Corganic,nowe
170,Iphon 14 128 GB.,900.0,,Komorowo Żuławskie,18-04-2026,https://www.olx.pl/d/oferta/iphon-14-128-gb-CID99-ID1agFSn.html?search_reason=search%7Corganic,nowe
171,iPhone 14 Pro Max 128GB Kolory Bateria 90-100% 1 Rok Gwarancji Raty 0%,2249.0,,Kielce,11-05-2026,https://www.olx.pl/d/oferta/iphone-14-pro-max-128gb-kolory-bateria-90-100-1-rok-gwarancji-raty-0-CID99-IDZVfG6.html?search_reason=search%7Cpromoted,nowe
172,Iphone 14 - 128 GB,1400.0,,"Wrocław, Śródmieście",08-05-2026,https://www.olx.pl/d/oferta/iphone-14-128-gb-CID99-ID1ayo6Y.html?search_reason=search%7Cpromoted,nowe
173,Iphone 14 256GB,1250.0,,Żywiec,11-05-2026,https://www.olx.pl/d/oferta/iphone-14-256gb-CID99-ID1aAw0g.html?search_reason=search%7Cpromoted,nowe
174,Iphone 14 Biały z pudełkiem fakturą,820.0,,Wyszków,16-04-2026,https://www.olx.pl/d/oferta/iphone-14-bialy-z-pudelkiem-faktura-CID99-ID18NcGY.html?search_reason=search%7Corganic,nowe
175,Iphone 14 256g 85% purple stan idealny,1450.0,,"Wrocław, Fabryczna",12-05-2026,https://www.olx.pl/d/oferta/iphone-14-256g-85-purple-stan-idealny-CID99-ID17Qvx3.html?search_reason=search%7Corganic,nowe
176,iPhone 14 Pro Purple 128gb,1100.0,,Mstów,12-05-2026,https://www.olx.pl/d/oferta/iphone-14-pro-purple-128gb-CID99-ID1aBmHb.html?search_reason=search%7Corganic,nowe
177,Iphone 14 plus 128 GB,1500.0,,Bolesławiec,11-05-2026,https://www.olx.pl/d/oferta/iphone-14-plus-128-gb-CID99-ID1az8xu.html?search_reason=search%7Corganic,nowe
178,Iphone 14 pro 256gb,1799.0,,"Wrocław, Śródmieście",12-05-2026,https://www.olx.pl/d/oferta/iphone-14-pro-256gb-CID99-ID1aBx7Y.html?search_reason=search%7Corganic,nowe
179,Iphone 14 sprzedam!!!!,1400.0,,Iława,11-05-2026,https://www.olx.pl/d/oferta/iphone-14-sprzedam-CID99-ID1aAxNq.html?search_reason=search%7Corganic,nowe
180,Iphone 14 uzywany,1300.0,,Olsztyn,11-05-2026,https://www.olx.pl/d/oferta/iphone-14-uzywany-CID99-ID1a9s9t.html?search_reason=search%7Corganic,nowe
181,Iphone 14 pro space gray stan bardzo dobry,1950.0,,Zambrów,12-05-2026,https://www.olx.pl/d/oferta/iphone-14-pro-space-gray-stan-bardzo-dobry-CID99-ID1aBf6v.html?search_reason=search%7Corganic,nowe
182,Iphone 14 | 128GB | 86%,1000.0,,"Warszawa, Targówek",11-05-2026,https://www.olx.pl/d/oferta/iphone-14-128gb-86-CID99-ID1aAFTS.html?search_reason=search%7Cpromoted,nowe
183,iphone 14 stan idealny,1300.0,,Rzeszów,30-04-2026,https://www.olx.pl/d/oferta/iphone-14-stan-idealny-CID99-ID1ar8ei.html?search_reason=search%7Corganic,nowe
184,"Iphone 14, używany",1300.0,,Sierpc,27-04-2026,https://www.olx.pl/d/oferta/iphone-14-uzywany-CID99-ID1a0rje.html?search_reason=search%7Corganic,nowe
185,iPhone 14.,1350.0,,Szamotuły,03-05-2026,https://www.olx.pl/d/oferta/iphone-14-CID99-ID1atpIW.html?search_reason=search%7Corganic,nowe
186,Iphone 14 512 gb,1650.0,,Lublin,06-05-2026,https://www.olx.pl/d/oferta/iphone-14-512-gb-CID99-ID1av3ll.html?search_reason=search%7Corganic,nowe
187,Iphone 14 Pro Max bateria 78%,2100.0,,Nowy Sącz,01-05-2026,https://www.olx.pl/d/oferta/iphone-14-pro-max-bateria-78-CID99-ID1arJpx.html?search_reason=search%7Corganic,nowe
188,IPhone 14 Plus jak NOWY,1249.0,,Kalisz,28-04-2026,https://www.olx.pl/d/oferta/iphone-14-plus-jak-nowy-CID99-ID18APN5.html?search_reason=search%7Corganic,nowe
189,iphone 14 256gb,1100.0,,Nowe Miasteczko,27-04-2026,https://www.olx.pl/d/oferta/iphone-14-256gb-CID99-ID19QcMt.html?search_reason=search%7Corganic,nowe
190,etui iphone 14,159.0,,Tarnów,07-05-2026,https://www.olx.pl/d/oferta/etui-iphone-14-CID99-ID1axwwZ.html?search_reason=search%7Corganic,nowe
191,Sprzedam korpus do iphone 14,150.0,,Pszczyna,07-05-2026,https://www.olx.pl/d/oferta/sprzedam-korpus-do-iphone-14-CID99-ID18cM1w.html?search_reason=search%7Corganic,nowe
192,iPhone 14 256GB,1250.0,,Nadma,11-05-2026,https://www.olx.pl/d/oferta/iphone-14-256gb-CID99-ID1axnWI.html?search_reason=search%7Cpromoted,nowe
193,Iphone 14 Pro Max 512 GB,1950.0,,"Szczecin, Warszewo",12-05-2026,https://www.olx.pl/d/oferta/iphone-14-pro-max-512-gb-CID99-ID1abmDf.html?search_reason=search%7Cpromoted,nowe
194,JAK NOWY | IPHONE 14 PRO MAX 128GB | 2 lata gwarancji! | Różne kolory,1999.0,,Jastrzębie-Zdrój,10-05-2026,https://www.olx.pl/d/oferta/jak-nowy-iphone-14-pro-max-128gb-2-lata-gwarancji-rozne-kolory-CID99-ID12tr5C.html?search_reason=search%7Cpromoted,nowe
195,Iphone 14 256 gb kolor polnoc,1400.0,,Kunów,24-04-2026,https://www.olx.pl/d/oferta/iphone-14-256-gb-kolor-polnoc-CID99-ID1alZDh.html?search_reason=search%7Corganic,nowe
196,IPhone 14 92% stan idealny,1400.0,,"Warszawa, Ursynów",12-05-2026,https://www.olx.pl/d/oferta/iphone-14-92-stan-idealny-CID99-ID1aB0l5.html?search_reason=search%7Corganic,nowe
197,Iphone 14 128GB  stan idealny,1150.0,,Krośniewice,11-05-2026,https://www.olx.pl/d/oferta/iphone-14-128gb-stan-idealny-CID99-ID1aAngV.html?search_reason=search%7Corganic,nowe
198,Iphone 14 bialy 128gb,1100.0,,Ząbki,11-05-2026,https://www.olx.pl/d/oferta/iphone-14-bialy-128gb-CID99-ID16xdJl.html?search_reason=search%7Corganic,nowe
199,IPHONE 14 256GB | Gwarancja 2 lata | Bat: 100%,1599.0,,"Katowice, Śródmieście",05-05-2026,https://www.olx.pl/d/oferta/iphone-14-256gb-gwarancja-2-lata-bat-100-CID99-ID19QsTX.html?search_reason=search%7Corganic,nowe
200,iPhone 14 80% kondycji nieoryginalny wyswietlacz,700.0,,"Warszawa, Białołęka",12-05-2026,https://www.olx.pl/d/oferta/iphone-14-80-kondycji-nieoryginalny-wyswietlacz-CID99-ID1aBgwO.html?search_reason=search%7Corganic,nowe
201,iPhone 14 plus 256GB,1500.0,,"Warszawa, Bemowo",03-05-2026,https://www.olx.pl/d/oferta/iphone-14-plus-256gb-CID99-ID19Avp7.html?search_reason=search%7Corganic,nowe
202,Iphone 14 plus 128 nowy  midnight,2650.0,,Jasło,12-05-2026,https://www.olx.pl/d/oferta/iphone-14-plus-128-nowy-midnight-CID99-ID16PkfS.html?search_reason=search%7Corganic,nowe
203,Iphone 14 czerwony,1300.0,,"Łódź, Bałuty",11-05-2026,https://www.olx.pl/d/oferta/iphone-14-czerwony-CID99-ID19Gs2c.html?search_reason=search%7Corganic,nowe
204,Iphone 14 256gb 84% baterii,1350.0,,Płock,09-05-2026,https://www.olx.pl/d/oferta/iphone-14-256gb-84-baterii-CID99-ID1aza9G.html?search_reason=search%7Cpromoted,nowe
205,iPhone 14 128GB Midnight | 100% bateria | 100% SPRAWNY | Gwarancja + Faktura VAT-Marża,1350.0,,Lublin,26-04-2026,https://www.olx.pl/d/oferta/iphone-14-128gb-midnight-100-bateria-100-sprawny-gwarancja-faktura-vat-marza-CID99-ID1anylK.html?search_reason=search%7Cpromoted,nowe
206,Iphone 14 Pro Max 128Gb idealny,2100.0,,Wałbrzych,27-04-2026,https://www.olx.pl/d/oferta/iphone-14-pro-max-128gb-idealny-CID99-ID1aoMXD.html?search_reason=search%7Cpromoted,nowe
207,Sprzedam iPHONE 14,1000.0,,Wyszków,14-04-2026,https://www.olx.pl/d/oferta/sprzedam-iphone-14-CID99-ID1ad9Qf.html?search_reason=search%7Corganic,nowe
208,iPhone 14 Pro stan bardzo dobry,1400.0,,"Kraków, Łagiewniki-Borek Fałęcki",12-05-2026,https://www.olx.pl/d/oferta/iphone-14-pro-stan-bardzo-dobry-CID99-ID1aBuRu.html?search_reason=search%7Corganic,nowe
209,IPHONE 14 PRO MAX 128GB | Gwarancja 2 lata | Bat: 100%,1999.0,,"Łódź, Śródmieście",12-05-2026,https://www.olx.pl/d/oferta/iphone-14-pro-max-128gb-gwarancja-2-lata-bat-100-CID99-ID19DNmo.html?search_reason=search%7Corganic,nowe
210,iPhone 17 256GB Lavender /Lawenda/ PL Kraków ul. Krakowska 4 Sklep GSM,3489.0,,"Kraków, Stare Miasto",12-05-2026,https://www.olx.pl/d/oferta/iphone-17-256gb-lavender-lawenda-pl-krakow-ul-krakowska-4-sklep-gsm-CID99-ID18zAUf.html?search_reason=search%7Corganic,nowe
211,IPHONE 14 PLUS 256GB | Gwarancja 2 lata | Bat: 86%,1899.0,,"Łódź, Śródmieście",11-05-2026,https://www.olx.pl/d/oferta/iphone-14-plus-256gb-gwarancja-2-lata-bat-86-CID99-ID19Yrnk.html?search_reason=search%7Corganic,nowe
212,iPhone 14 Pro 128GB | Bateria 100% | Gwarancja 2 lata | Raty 0%,2149.0,,"Poznań, Stare Miasto",07-05-2026,https://www.olx.pl/d/oferta/iphone-14-pro-128gb-bateria-100-gwarancja-2-lata-raty-0-CID99-ID1895ec.html?search_reason=search%7Cpromoted,nowe
213,IPHONE 14 PRO MAX 128GB | 2 lata gwarancji! | BAT 84% | Raty 0%,1999.0,,"Kraków, Nowa Huta",29-04-2026,https://www.olx.pl/d/oferta/iphone-14-pro-max-128gb-2-lata-gwarancji-bat-84-raty-0-CID99-ID1aegPy.html?search_reason=search%7Cpromoted,nowe
214,iPhone 14 Pro 128 GB Space Black 83%,1600.0,,"Łódź, Bałuty",12-05-2026,https://www.olx.pl/d/oferta/iphone-14-pro-128-gb-space-black-83-CID99-ID1aBb02.html?search_reason=search%7Cpromoted,nowe
215,IPHONE 14 256GB | 2 lata gwarancji! | BAT 100%,1699.0,,"Katowice, Śródmieście",28-04-2026,https://www.olx.pl/d/oferta/iphone-14-256gb-2-lata-gwarancji-bat-100-CID99-ID1adcGy.html?search_reason=search%7Corganic,nowe
216,iPhone 17 512GB Blue Niebieski Kraków ul. Krakowska 4 Sklep GSM Mamy !!!,3999.0,,"Kraków, Stare Miasto",12-05-2026,https://www.olx.pl/d/oferta/iphone-17-512gb-blue-niebieski-krakow-ul-krakowska-4-sklep-gsm-mamy-CID99-ID17HnjE.html?search_reason=search%7Corganic,nowe
217,Iphone 14 pro 256 kondycja baterii 100%,2000.0,,"Wrocław, Fabryczna",12-05-2026,https://www.olx.pl/d/oferta/iphone-14-pro-256-kondycja-baterii-100-CID99-ID1a5LJ7.html?search_reason=search%7Corganic,nowe
218,iPhone 14 Pro 128 GB,1870.0,,Świnoujście,12-05-2026,https://www.olx.pl/d/oferta/iphone-14-pro-128-gb-CID99-ID16DzFz.html?search_reason=search%7Corganic,nowe
219,Telefon Iphone 14,1200.0,,Krzepice,08-05-2026,https://www.olx.pl/d/oferta/telefon-iphone-14-CID99-ID194K7T.html?search_reason=search%7Corganic,nowe
220,Opakowanie case na iPhone 14 Pro,,,"Białystok, Centrum",24-04-2026,https://www.olx.pl/d/oferta/opakowanie-case-na-iphone-14-pro-CID99-ID18qNVZ.html?search_reason=search%7Corganic,nowe
221,iPhone 14 Pro 256gb eSIM Fioletowy Bateria 100% iTop Lokal 32 Muranów,2149.0,,"Warszawa, Śródmieście",06-05-2026,https://www.olx.pl/d/oferta/iphone-14-pro-256gb-esim-fioletowy-bateria-100-itop-lokal-32-muranow-CID99-ID15C7p3.html?search_reason=search%7Cpromoted,nowe
222,Bateria do Apple iPhone z wymianą. Wymiana baterii w x xs max 11 12 13 14 15 16 17 pro mini plus - wszystkie modele,200.0,,"Szczecin, Centrum",30-04-2026,https://www.olx.pl/d/oferta/bateria-do-apple-iphone-z-wymiana-wymiana-baterii-w-x-xs-max-11-12-13-14-15-16-17-pro-mini-plus-wszystkie-modele-CID99-ID1ar7Ct.html?search_reason=search%7Cpromoted,nowe
223,Apple Iphone 14 128 GB Midnight w świetnym stanie,990.0,,"Poznań, Grunwald",10-05-2026,https://www.olx.pl/d/oferta/apple-iphone-14-128-gb-midnight-w-swietnym-stanie-CID99-ID1ayyUr.html?search_reason=search%7Cpromoted,nowe
224,iPhone 14 128 GB BATERIA 100% GWARANCJA 12 miesiecy !!!,1399.0,,"Warszawa, Wola",12-05-2026,https://www.olx.pl/d/oferta/iphone-14-128-gb-bateria-100-gwarancja-12-miesiecy-CID99-ID1apWRr.html?search_reason=search%7Corganic,nowe
225,Iphone 14 bateria 82%,900.0,,Zabłudów,11-05-2026,https://www.olx.pl/d/oferta/iphone-14-bateria-82-CID99-ID1aAyFP.html?search_reason=search%7Corganic,nowe
226,iPhone 14 Pro 256GB,1400.0,,"Warszawa, Śródmieście",12-05-2026,https://www.olx.pl/d/oferta/iphone-14-pro-256gb-CID99-ID1aB66R.html?search_reason=search%7Corganic,nowe
227,iPhone 17 Pro 256GB 3-kolory Kraków ul.krakowska 4 Sklep GSM Mamy !!,4899.0,,"Kraków, Stare Miasto",12-05-2026,https://www.olx.pl/d/oferta/iphone-17-pro-256gb-3-kolory-krakow-ul-krakowska-4-sklep-gsm-mamy-CID99-ID17AH88.html?search_reason=search%7Corganic,nowe
228,Iphone 14 128GB BLUE,1100.0,,Rozalin,12-05-2026,https://www.olx.pl/d/oferta/iphone-14-128gb-blue-CID99-ID18Pczd.html?search_reason=search%7Corganic,nowe
229,Tył iPhone XR i silikon,150.0,,Morzewo,19-04-2026,https://www.olx.pl/d/oferta/tyl-iphone-xr-i-silikon-CID99-ID19rIXM.html?search_reason=search%7Corganic,nowe
230,Iphone 14 pro max,2000.0,,Grodzisk Mazowiecki,11-05-2026,https://www.olx.pl/d/oferta/iphone-14-pro-max-CID99-ID1axxmV.html?search_reason=search%7Corganic,nowe
